﻿<?xml version="1.0" encoding="utf-8"?>
<doc>
  <assembly>
    <name>Microsoft.Owin.Security</name>
  </assembly>
  <members>
    <member name="T:Microsoft.Owin.Security.AppBuilderSecurityExtensions">
      <summary>Fornece métodos de extensão para valores de app.Property que são necessários apenas em implementações de middleware de autenticação.</summary>
    </member>
    <member name="M:Microsoft.Owin.Security.AppBuilderSecurityExtensions.GetDefaultSignInAsAuthenticationType(Owin.IAppBuilder)">
      <summary>Retorna o AuthenticationType definido anteriormente que o middleware de entrada externo deve usar quando o navegador navega de volta a sua URL de retorno.</summary>
      <param name="app">Construtor de aplicativos passado para o código de inicialização do aplicativo</param>
    </member>
    <member name="M:Microsoft.Owin.Security.AppBuilderSecurityExtensions.SetDefaultSignInAsAuthenticationType(Owin.IAppBuilder,System.String)">
      <summary>Chamado pelo middleware para alterar o nome do AuthenticationType que o middleware externo deve usar quando o navegador navega de volta a sua URL de retorno.</summary>
      <param name="app">Construtor de aplicativos passado para o código de inicialização do aplicativo</param>
      <param name="authenticationType">AuthenticationType como o qual o middleware externo deve entrar.</param>
    </member>
    <member name="T:Microsoft.Owin.Security.AuthenticationMode">
      <summary>Controla o comportamento do middleware de autenticação</summary>
    </member>
    <member name="F:Microsoft.Owin.Security.AuthenticationMode.Active">
      <summary>No modo Ativo, o middleware de autenticação irá alterar a identidade do usuário conforme a solicitação chega, e também irá alterar um 401 não criptografado conforme a resposta sai.</summary>
    </member>
    <member name="F:Microsoft.Owin.Security.AuthenticationMode.Passive">
      <summary>No modo Passivo, o middleware de autenticação fornecerá apenas a identidade de usuário quando solicitada, e irá alterar apenas as respostas 401 em que o tipo de autenticação nomeou dados de desafio extra.</summary>
    </member>
    <member name="T:Microsoft.Owin.Security.AuthenticationOptions">
      <summary>Opções de base para todos os middlewares de autenticação</summary>
    </member>
    <member name="M:Microsoft.Owin.Security.AuthenticationOptions.#ctor(System.String)">
      <summary>Inicializar propriedades de classe base AuthenticationOptions</summary>
      <param name="authenticationType">Atribuído à propriedade AuthenticationType</param>
    </member>
    <member name="P:Microsoft.Owin.Security.AuthenticationOptions.AuthenticationMode">
      <summary>Se ativo, o middleware de autenticação altera o usuário de solicitação que entra e altera respostas 401 não autorizadas que saem.Se passivo, o middleware de autenticação irá fornecer apenas identidade e irá alterar respostas quando explicitamente indicado pelo AuthenticationType.</summary>
    </member>
    <member name="P:Microsoft.Owin.Security.AuthenticationOptions.AuthenticationType">
      <summary>O AuthenticationType nas opções corresponde à propriedade IIdentity AuthenticationType.Um valor diferente pode ser atribuído a fim de usar o mesmo tipo de middleware de autenticação mais de uma vez em um pipeline.</summary>
    </member>
    <member name="P:Microsoft.Owin.Security.AuthenticationOptions.Description">
      <summary>Informações adicionais sobre o tipo de autenticação que fica disponível para o aplicativo.</summary>
    </member>
    <member name="T:Microsoft.Owin.Security.AuthenticationTicket">
      <summary>Contém informações de identidade do usuário, além de estado de autenticação adicional.</summary>
    </member>
    <member name="M:Microsoft.Owin.Security.AuthenticationTicket.#ctor(System.Security.Claims.ClaimsIdentity,Microsoft.Owin.Security.AuthenticationProperties)">
      <summary>Inicializa uma nova instância da classe <see cref="T:Microsoft.Owin.Security.AuthenticationTicket" />.</summary>
    </member>
    <member name="P:Microsoft.Owin.Security.AuthenticationTicket.Identity">
      <summary>Obtém a identidade do usuário autenticado.</summary>
    </member>
    <member name="P:Microsoft.Owin.Security.AuthenticationTicket.Properties">
      <summary>Valores de estado adicionais para a sessão de autenticação.</summary>
    </member>
    <member name="T:Microsoft.Owin.Security.CertificateSubjectKeyIdentifierValidator">
      <summary>Fornece validação de certificado fixa com base no identificador de chave de entidade do certificado.</summary>
    </member>
    <member name="M:Microsoft.Owin.Security.CertificateSubjectKeyIdentifierValidator.#ctor(System.Collections.Generic.IEnumerable{System.String})">
      <summary>Inicializa uma nova instância da classe <see cref="T:Microsoft.Owin.Security.CertificateSubjectKeyIdentifierValidator" />.</summary>
      <param name="validSubjectKeyIdentifiers">Um conjunto de identificadores de chave de entidade que são válidos para uma solicitação HTTPS.</param>
    </member>
    <member name="M:Microsoft.Owin.Security.CertificateSubjectKeyIdentifierValidator.Validate(System.Object,System.Security.Cryptography.X509Certificates.X509Certificate,System.Security.Cryptography.X509Certificates.X509Chain,System.Net.Security.SslPolicyErrors)">
      <summary>Verifica o certificado Secure Sockets Layer (SSL) remoto usado para autenticação.</summary>
      <returns>Um valor Booliano que determina se o certificado especificado é aceito para autenticação.</returns>
      <param name="sender">Um objeto que contém informações de estado para essa validação.</param>
      <param name="certificate">O certificado usado para autenticar a parte remota.</param>
      <param name="chain">A cadeia de autoridades de certificado associadas ao certificado remoto.</param>
      <param name="sslPolicyErrors">Um ou mais erros associados ao certificado remoto.</param>
    </member>
    <member name="T:Microsoft.Owin.Security.CertificateSubjectPublicKeyInfoValidator">
      <summary>Implementa um validador de fixação de certificado passado em http://datatracker.ietf.org/doc/draft-ietf-websec-key-pinning/?include_text=1</summary>
    </member>
    <member name="M:Microsoft.Owin.Security.CertificateSubjectPublicKeyInfoValidator.#ctor(System.Collections.Generic.IEnumerable{System.String},Microsoft.Owin.Security.SubjectPublicKeyInfoAlgorithm)">
      <summary>Inicializa uma nova instância da classe <see cref="T:Microsoft.Owin.Security.CertificateSubjectPublicKeyInfoValidator" />.</summary>
      <param name="validBase64EncodedSubjectPublicKeyInfoHashes">Uma coleção de hashes válidos codificados na base64 do blob de informações de chave pública de certificado.</param>
      <param name="algorithm">O algoritmo usado para gerar os hashes.</param>
    </member>
    <member name="M:Microsoft.Owin.Security.CertificateSubjectPublicKeyInfoValidator.Validate(System.Object,System.Security.Cryptography.X509Certificates.X509Certificate,System.Security.Cryptography.X509Certificates.X509Chain,System.Net.Security.SslPolicyErrors)">
      <summary>Valida se pelo menos um hash SPKI é conhecido.</summary>
      <returns>Um valor Booliano que determina se o certificado especificado é aceito para autenticação.</returns>
      <param name="sender">Um objeto que contém informações de estado para essa validação.</param>
      <param name="certificate">O certificado usado para autenticar a parte remota.</param>
      <param name="chain">A cadeia de autoridades de certificado associadas ao certificado remoto.</param>
      <param name="sslPolicyErrors">Um ou mais erros associados ao certificado remoto.</param>
    </member>
    <member name="T:Microsoft.Owin.Security.CertificateThumbprintValidator">
      <summary>Fornece validação de certificado fixo baseado na impressão digital do certificado.</summary>
    </member>
    <member name="M:Microsoft.Owin.Security.CertificateThumbprintValidator.#ctor(System.Collections.Generic.IEnumerable{System.String})">
      <summary>Inicializa uma nova instância da classe <see cref="T:Microsoft.Owin.Security.CertificateThumbprintValidator" />.</summary>
      <param name="validThumbprints">Um conjunto de impressões digitais válidas para uma solicitação HTTPS.</param>
    </member>
    <member name="M:Microsoft.Owin.Security.CertificateThumbprintValidator.Validate(System.Object,System.Security.Cryptography.X509Certificates.X509Certificate,System.Security.Cryptography.X509Certificates.X509Chain,System.Net.Security.SslPolicyErrors)">
      <summary>Valida se as impressões digitais do certificado na cadeia de assinatura correspondem pelo menos a uma impressão digital permitida.</summary>
      <returns>Um valor Booliano que determina se o certificado especificado é aceito para autenticação.</returns>
      <param name="sender">Um objeto que contém informações de estado para essa validação.</param>
      <param name="certificate">O certificado usado para autenticar a parte remota.</param>
      <param name="chain">A cadeia de autoridades de certificado associadas ao certificado remoto.</param>
      <param name="sslPolicyErrors">Um ou mais erros associados ao certificado remoto.</param>
    </member>
    <member name="T:Microsoft.Owin.Security.ICertificateValidator">
      <summary>Interface para oferecer validação de certificado fixo, que verifica a comunicação HTTPS em relação a uma lista de certificados válidos para proteger contra CAs comprometidos ou invasores que emitem certificados para hosts sem o conhecimento do proprietário de host.</summary>
    </member>
    <member name="M:Microsoft.Owin.Security.ICertificateValidator.Validate(System.Object,System.Security.Cryptography.X509Certificates.X509Certificate,System.Security.Cryptography.X509Certificates.X509Chain,System.Net.Security.SslPolicyErrors)">
      <summary>Verifica o certificado Secure Sockets Layer (SSL) remoto usado para autenticação.</summary>
      <returns>Um valor Booliano que determina se o certificado especificado é aceito para autenticação.</returns>
      <param name="sender">Um objeto que contém informações de estado para essa validação.</param>
      <param name="certificate">O certificado usado para autenticar a parte remota.</param>
      <param name="chain">A cadeia de autoridades de certificado associadas ao certificado remoto.</param>
      <param name="sslPolicyErrors">Um ou mais erros associados ao certificado remoto.</param>
    </member>
    <member name="T:Microsoft.Owin.Security.ISecureDataFormat`1">
      <summary>Representa os dados a serem protegidos.</summary>
      <typeparam name="TData">Os dados de tipo genérico.</typeparam>
    </member>
    <member name="M:Microsoft.Owin.Security.ISecureDataFormat`1.Protect(`0)">
      <summary>Protege um dado de forma que não possa ser formatado.</summary>
      <returns>Um dado a ser protegido.</returns>
      <param name="data">Os dados.</param>
    </member>
    <member name="M:Microsoft.Owin.Security.ISecureDataFormat`1.Unprotect(System.String)">
      <summary>Descriptografa os dados de um texto especificado.</summary>
      <returns>Os dados a serem descriptografados.</returns>
      <param name="protectedText">O texto protegido.</param>
    </member>
    <member name="T:Microsoft.Owin.Security.SubjectPublicKeyInfoAlgorithm">
      <summary>O algoritmo usado para gerar os hashes de blob de informações de chave pública da entidade.</summary>
    </member>
    <member name="F:Microsoft.Owin.Security.SubjectPublicKeyInfoAlgorithm.Sha1">
      <summary />
    </member>
    <member name="F:Microsoft.Owin.Security.SubjectPublicKeyInfoAlgorithm.Sha256">
      <summary />
    </member>
    <member name="T:Microsoft.Owin.Security.DataHandler.PropertiesDataFormat"></member>
    <member name="M:Microsoft.Owin.Security.DataHandler.PropertiesDataFormat.#ctor(Microsoft.Owin.Security.DataProtection.IDataProtector)"></member>
    <member name="T:Microsoft.Owin.Security.DataHandler.SecureDataFormat`1">
      <typeparam name="TData"></typeparam>
    </member>
    <member name="M:Microsoft.Owin.Security.DataHandler.SecureDataFormat`1.#ctor(Microsoft.Owin.Security.DataHandler.Serializer.IDataSerializer{`0},Microsoft.Owin.Security.DataProtection.IDataProtector,Microsoft.Owin.Security.DataHandler.Encoder.ITextEncoder)"></member>
    <member name="M:Microsoft.Owin.Security.DataHandler.SecureDataFormat`1.Protect(`0)"></member>
    <member name="M:Microsoft.Owin.Security.DataHandler.SecureDataFormat`1.Unprotect(System.String)"></member>
    <member name="T:Microsoft.Owin.Security.DataHandler.TicketDataFormat"></member>
    <member name="M:Microsoft.Owin.Security.DataHandler.TicketDataFormat.#ctor(Microsoft.Owin.Security.DataProtection.IDataProtector)"></member>
    <member name="T:Microsoft.Owin.Security.DataHandler.Encoder.Base64TextEncoder">
      <summary>Representa um codificador de formato de texto base64.</summary>
    </member>
    <member name="M:Microsoft.Owin.Security.DataHandler.Encoder.Base64TextEncoder.#ctor">
      <summary>Inicia uma nova instância da classe <see cref="T:Microsoft.Owin.Security.DataHandler.Encoder.Base64TextEncoder" />.</summary>
    </member>
    <member name="M:Microsoft.Owin.Security.DataHandler.Encoder.Base64TextEncoder.Decode(System.String)">
      <summary>Decodifica o texto especificado.</summary>
      <returns>Um <see cref="T:System.Byte" /> que representa os dados decodificados.</returns>
      <param name="text">O texto a ser decodificado.</param>
    </member>
    <member name="M:Microsoft.Owin.Security.DataHandler.Encoder.Base64TextEncoder.Encode(System.Byte[])">
      <summary>Converte um dado em uma cadeia de caracteres que está no formato base64.</summary>
      <returns>Uma cadeia de caracteres de dados convertidos no formato base64.</returns>
      <param name="data">Os dados a serem convertidos.</param>
    </member>
    <member name="T:Microsoft.Owin.Security.DataHandler.Encoder.Base64UrlTextEncoder">
      <summary>Representa um codificador de formato de texto Base64Url.</summary>
    </member>
    <member name="M:Microsoft.Owin.Security.DataHandler.Encoder.Base64UrlTextEncoder.#ctor">
      <summary>Inicia uma nova instância da classe <see cref="T:Microsoft.Owin.Security.DataHandler.Encoder.Base64UrlTextEncoder" />.</summary>
    </member>
    <member name="M:Microsoft.Owin.Security.DataHandler.Encoder.Base64UrlTextEncoder.Decode(System.String)">
      <summary>Decodifica o texto especificado.</summary>
      <returns>Um <see cref="T:System.Byte" /> que representa os dados decodificados.</returns>
      <param name="text">O texto a ser decodificado.</param>
    </member>
    <member name="M:Microsoft.Owin.Security.DataHandler.Encoder.Base64UrlTextEncoder.Encode(System.Byte[])">
      <summary>Converte um dado em uma cadeia de caracteres que está no formato Base64Url.</summary>
      <returns>Uma cadeia de caracteres de dados convertidos no formato Base64Url.</returns>
      <param name="data">Os dados a serem convertidos.</param>
    </member>
    <member name="T:Microsoft.Owin.Security.DataHandler.Encoder.ITextEncoder">
      <summary>Representa uma interface para o codificador de texto.</summary>
    </member>
    <member name="M:Microsoft.Owin.Security.DataHandler.Encoder.ITextEncoder.Decode(System.String)">
      <summary>Decodifica o texto especificado.</summary>
      <returns>Um <see cref="T:System.Byte" /> que representa os dados decodificados.</returns>
      <param name="text">O texto a ser decodificado.</param>
    </member>
    <member name="M:Microsoft.Owin.Security.DataHandler.Encoder.ITextEncoder.Encode(System.Byte[])">
      <summary>Converte um dados em uma cadeia de caracteres.</summary>
      <returns>Uma cadeia de caracteres de dados convertidos.</returns>
      <param name="data">Os dados a serem convertidos.</param>
    </member>
    <member name="T:Microsoft.Owin.Security.DataHandler.Encoder.TextEncodings">
      <summary>Representa codificações de texto.</summary>
    </member>
    <member name="P:Microsoft.Owin.Security.DataHandler.Encoder.TextEncodings.Base64">
      <summary>Obtém um codificador de texto Base64.</summary>
      <returns>Um codificador de texto Base64.</returns>
    </member>
    <member name="P:Microsoft.Owin.Security.DataHandler.Encoder.TextEncodings.Base64Url">
      <summary>Obtém um codificador de texto Base64Url.</summary>
      <returns>Um codificador de texto Base64Url.</returns>
    </member>
    <member name="T:Microsoft.Owin.Security.DataHandler.Serializer.DataSerializers">
      <summary>Fornece serializadores de dados.</summary>
    </member>
    <member name="P:Microsoft.Owin.Security.DataHandler.Serializer.DataSerializers.Properties"></member>
    <member name="P:Microsoft.Owin.Security.DataHandler.Serializer.DataSerializers.Ticket">
      <summary>Obtém ou define o serializador de dados da permissão.</summary>
      <returns>O serializador de dados da permissão.</returns>
    </member>
    <member name="T:Microsoft.Owin.Security.DataHandler.Serializer.IDataSerializer`1">
      <summary>Representa uma interface para serializador de dados.</summary>
      <typeparam name="TModel">O tipo de modelo dos dados.</typeparam>
    </member>
    <member name="M:Microsoft.Owin.Security.DataHandler.Serializer.IDataSerializer`1.Deserialize(System.Byte[])">
      <summary>Desserializa os dados especificados.</summary>
      <param name="data">Os dados a serem desserializados.</param>
    </member>
    <member name="M:Microsoft.Owin.Security.DataHandler.Serializer.IDataSerializer`1.Serialize(`0)">
      <summary>Serializa um dado com um modelo fornecido.</summary>
      <param name="model">O modelo dos dados.</param>
    </member>
    <member name="T:Microsoft.Owin.Security.DataHandler.Serializer.PropertiesSerializer"></member>
    <member name="M:Microsoft.Owin.Security.DataHandler.Serializer.PropertiesSerializer.#ctor"></member>
    <member name="M:Microsoft.Owin.Security.DataHandler.Serializer.PropertiesSerializer.Deserialize(System.Byte[])"></member>
    <member name="M:Microsoft.Owin.Security.DataHandler.Serializer.PropertiesSerializer.Read(System.IO.BinaryReader)"></member>
    <member name="M:Microsoft.Owin.Security.DataHandler.Serializer.PropertiesSerializer.Serialize(Microsoft.Owin.Security.AuthenticationProperties)"></member>
    <member name="M:Microsoft.Owin.Security.DataHandler.Serializer.PropertiesSerializer.Write(System.IO.BinaryWriter,Microsoft.Owin.Security.AuthenticationProperties)"></member>
    <member name="T:Microsoft.Owin.Security.DataHandler.Serializer.TicketSerializer">
      <summary>Representa um serializador de permissão.</summary>
    </member>
    <member name="M:Microsoft.Owin.Security.DataHandler.Serializer.TicketSerializer.#ctor">
      <summary>Inicia uma nova instância da classe <see cref="T:Microsoft.Owin.Security.DataHandler.Serializer.TicketSerializer" />.</summary>
    </member>
    <member name="M:Microsoft.Owin.Security.DataHandler.Serializer.TicketSerializer.Deserialize(System.Byte[])">
      <summary>Desserializa os dados de permissão.</summary>
      <returns>Os dados sendo desserializados.</returns>
      <param name="data">Os dados a serem desserializados.</param>
    </member>
    <member name="M:Microsoft.Owin.Security.DataHandler.Serializer.TicketSerializer.Read(System.IO.BinaryReader)">
      <summary>Lê um dado especificado a partir do leitor.</summary>
      <returns>Os dados sendo lidos.</returns>
      <param name="reader">A leitor a partir da qual será feita a leitura.</param>
    </member>
    <member name="M:Microsoft.Owin.Security.DataHandler.Serializer.TicketSerializer.Serialize(Microsoft.Owin.Security.AuthenticationTicket)">
      <summary>Serializa um dado com um modelo fornecido.</summary>
      <param name="model">O modelo dos dados.</param>
    </member>
    <member name="M:Microsoft.Owin.Security.DataHandler.Serializer.TicketSerializer.Write(System.IO.BinaryWriter,Microsoft.Owin.Security.AuthenticationTicket)">
      <summary>Grava um dado a partir de um gravador especificado.</summary>
      <param name="writer">O gravador.</param>
      <param name="model">O modelo dos dados.</param>
    </member>
    <member name="T:Microsoft.Owin.Security.DataProtection.AppBuilderExtensions">
      <summary>As extensões do construtor do aplicativo.</summary>
    </member>
    <member name="M:Microsoft.Owin.Security.DataProtection.AppBuilderExtensions.CreateDataProtector(Owin.IAppBuilder,System.String[])">
      <summary>Cria um protetor de dados.</summary>
      <returns>O <see cref="T:Microsoft.Owin.Security.DataProtection.IDataProtector" /> criado.</returns>
      <param name="app">O construtor do aplicativo.</param>
      <param name="purposes">Uma lista de propósitos para criar o protetor de dados.</param>
    </member>
    <member name="M:Microsoft.Owin.Security.DataProtection.AppBuilderExtensions.GetDataProtectionProvider(Owin.IAppBuilder)">
      <summary>Recupera um provedor de proteção de dados para o aplicativo.</summary>
      <returns>O objeto <see cref="T:Microsoft.Owin.Security.DataProtection.IDataProtectionProvider" /> a ser obtido.</returns>
      <param name="app">O construtor do aplicativo.</param>
    </member>
    <member name="M:Microsoft.Owin.Security.DataProtection.AppBuilderExtensions.SetDataProtectionProvider(Owin.IAppBuilder,Microsoft.Owin.Security.DataProtection.IDataProtectionProvider)">
      <summary>Define um provedor de proteção de dados.</summary>
      <param name="app">O construtor do aplicativo.</param>
      <param name="dataProtectionProvider">O provedor de proteção de dados a definir.</param>
    </member>
    <member name="T:Microsoft.Owin.Security.DataProtection.DpapiDataProtectionProvider">
      <summary>Usado para fornecer os serviços de proteção de dados que são derivados a partir da API de proteção de dados.É a melhor opção de proteção de dados quando o aplicativo não é hospedado por ASP.NET e todos os processos estão sendo executados como a mesma identidade de domínio.</summary>
    </member>
    <member name="M:Microsoft.Owin.Security.DataProtection.DpapiDataProtectionProvider.#ctor">
      <summary>Inicializa um novo DpapiDataProtectionProvider com um nome de aplicativo aleatório.Isso só é útil para proteger dados pela duração da execução do aplicativo atual.</summary>
    </member>
    <member name="M:Microsoft.Owin.Security.DataProtection.DpapiDataProtectionProvider.#ctor(System.String)">
      <summary>Inicializa um novo DpapiDataProtectionProvider que usa o appName especificado como parte do algoritmo de proteção</summary>
      <param name="appName">Um valor fornecido pelo usuário, necessário para viagens de ida e volta de dados protegidos.O valor padrão vem do IAppBuilder.Properties["owin.AppName"] quando auto-hospedado.</param>
    </member>
    <member name="M:Microsoft.Owin.Security.DataProtection.DpapiDataProtectionProvider.Create(System.String[])">
      <summary>Retorna uma nova instância de IDataProtection para o provedor.</summary>
      <returns>Uma instância de um serviço de proteção de dados</returns>
      <param name="purposes">Entropia adicional usada para garantir que os dados protegidos sejam desprotegidos apenas para propósitos corretos.</param>
    </member>
    <member name="T:Microsoft.Owin.Security.DataProtection.IDataProtectionProvider">
      <summary> Alocador usado para criar instâncias IDataProtection.</summary>
    </member>
    <member name="M:Microsoft.Owin.Security.DataProtection.IDataProtectionProvider.Create(System.String[])">
      <summary> Retorna uma nova instância de IDataProtection para o provedor. </summary>
      <returns>Uma instância de um serviço de proteção de dados.</returns>
      <param name="purposes">Entropia adicional usada para garantir que os dados protegidos sejam desprotegidos apenas para propósitos corretos.</param>
    </member>
    <member name="T:Microsoft.Owin.Security.DataProtection.IDataProtector">
      <summary> Serviço usado para proteger e desproteger dados.</summary>
    </member>
    <member name="M:Microsoft.Owin.Security.DataProtection.IDataProtector.Protect(System.Byte[])">
      <summary> Chamado para proteger dados do usuário.</summary>
      <param name="userData">Os dados originais que devem ser protegidos.</param>
    </member>
    <member name="M:Microsoft.Owin.Security.DataProtection.IDataProtector.Unprotect(System.Byte[])">
      <summary> Chamado para desproteger dados do usuário.</summary>
      <param name="protectedData">A matriz de bytes retornada por um chamado para proteger em um serviço idêntico IDataProtection.</param>
    </member>
    <member name="T:Microsoft.Owin.Security.Infrastructure.AuthenticationHandler">
      <summary> Classe de base para o trabalho por solicitação executado pela maioria dos middlewares de autenticação. </summary>
    </member>
    <member name="M:Microsoft.Owin.Security.Infrastructure.AuthenticationHandler.#ctor">
      <summary>Inicia uma nova instância da classe <see cref="T:Microsoft.Owin.Security.Infrastructure.AuthenticationHandler" />.</summary>
    </member>
    <member name="M:Microsoft.Owin.Security.Infrastructure.AuthenticationHandler.ApplyResponseChallengeAsync">
      <summary>Substitua este método para lidar com preocupações relacionadas ao desafio 401, se um esquema de autenticação em questão lidar com uma interação de autenticação como parte de seu fluxo de solicitação.(Como, por exemplo, adicionar um cabeçalho de resposta ou mudar o resultado 401 para 302 de uma página de logon ou local de entrada externo.)</summary>
    </member>
    <member name="M:Microsoft.Owin.Security.Infrastructure.AuthenticationHandler.ApplyResponseCoreAsync">
      <summary>Método básico que pode ser substituído pelo manipulador.O comportamento padrão consiste em chamar duas atividades de resposta comum, sendo uma que lide com preocupações de entrada/saída e uma segunda para lidar com desafios 401.</summary>
    </member>
    <member name="M:Microsoft.Owin.Security.Infrastructure.AuthenticationHandler.ApplyResponseGrantAsync">
      <summary>Substitua este método para lidar com preocupações de entrada/saída, se um esquema de autenticação em questão lidar com concessão/revogação como parte de seu fluxo de solicitação.(Como, por exemplo, definir/excluir cookies.)</summary>
    </member>
    <member name="M:Microsoft.Owin.Security.Infrastructure.AuthenticationHandler.AuthenticateAsync">
      <summary>Faz a lógica de autenticação no AuthenticateCore ser executada para a solicitação atual em sua maioria uma única vez e retorna os resultados.Chamar Authenticate mais de uma vez sempre retornará o valor original.Esse método sempre deve ser chamado em vez de chamar AuthenticateCore diretamente.</summary>
      <returns>Os dados do tíquete fornecidos pela lógica de autenticação</returns>
    </member>
    <member name="M:Microsoft.Owin.Security.Infrastructure.AuthenticationHandler.AuthenticateCoreAsync">
      <summary>A lógica de autenticação básica que deve ser fornecida pelo manipulador.Será invocada em sua maioria uma única vez por solicitação.Não chame diretamente; em vez disso, chame o método Authenticate de encapsulamento.</summary>
      <returns>Os dados do tíquete fornecidos pela lógica de autenticação</returns>
    </member>
    <member name="M:Microsoft.Owin.Security.Infrastructure.AuthenticationHandler.BaseInitializeAsync(Microsoft.Owin.Security.AuthenticationOptions,Microsoft.Owin.IOwinContext)"></member>
    <member name="P:Microsoft.Owin.Security.Infrastructure.AuthenticationHandler.Context"></member>
    <member name="M:Microsoft.Owin.Security.Infrastructure.AuthenticationHandler.GenerateCorrelationId(Microsoft.Owin.Security.AuthenticationProperties)"></member>
    <member name="P:Microsoft.Owin.Security.Infrastructure.AuthenticationHandler.Helper"></member>
    <member name="M:Microsoft.Owin.Security.Infrastructure.AuthenticationHandler.InitializeCoreAsync"></member>
    <member name="M:Microsoft.Owin.Security.Infrastructure.AuthenticationHandler.InvokeAsync">
      <summary>Chamado uma vez por código comum após a inicialização.Se um middleware de autenticação responde diretamente a caminhos conhecidos especificamente, ele deve substituir este virtual, comparar o caminho da solicitação a seus caminhos conhecidos, fornecer informações de resposta conforme apropriado e ser definido como verdadeiro para interromper processamento adicional.</summary>
      <returns>Retornar falso fará o código comum chamar o próximo middleware da fila.Retornar verdadeiro fará o código comum iniciar a jornada de conclusão assíncrona sem chamar o resto do pipeline de middleware.</returns>
    </member>
    <member name="P:Microsoft.Owin.Security.Infrastructure.AuthenticationHandler.Request"></member>
    <member name="P:Microsoft.Owin.Security.Infrastructure.AuthenticationHandler.RequestPathBase"></member>
    <member name="P:Microsoft.Owin.Security.Infrastructure.AuthenticationHandler.Response"></member>
    <member name="M:Microsoft.Owin.Security.Infrastructure.AuthenticationHandler.TeardownCoreAsync"></member>
    <member name="M:Microsoft.Owin.Security.Infrastructure.AuthenticationHandler.ValidateCorrelationId(Microsoft.Owin.Security.AuthenticationProperties,Microsoft.Owin.Logging.ILogger)"></member>
    <member name="T:Microsoft.Owin.Security.Infrastructure.AuthenticationHandler`1">
      <summary>Classe de base para o trabalho por solicitação executado pela maioria dos middlewares de autenticação.</summary>
      <typeparam name="TOptions">Especifica o tipo de propriedade AuthenticationOptions</typeparam>
    </member>
    <member name="M:Microsoft.Owin.Security.Infrastructure.AuthenticationHandler`1.#ctor">
      <summary>Inicializa uma nova instância da classe <see cref="T:Microsoft.Owin.Security.Infrastructure.AuthenticationHandler`1" />.</summary>
    </member>
    <member name="P:Microsoft.Owin.Security.Infrastructure.AuthenticationHandler`1.Options"></member>
    <member name="T:Microsoft.Owin.Security.Infrastructure.AuthenticationMiddleware`1">
      <summary>Representa um middleware de autenticação.</summary>
      <typeparam name="TOptions">O tipo de opções de autenticação.</typeparam>
    </member>
    <member name="M:Microsoft.Owin.Security.Infrastructure.AuthenticationMiddleware`1.#ctor(Microsoft.Owin.OwinMiddleware,`0)">
      <summary>Inicia uma nova instância da classe <see cref="T:Microsoft.Owin.Security.Infrastructure.AuthenticationMiddleware`1" />.</summary>
      <param name="next">O próximo middleware do OWIN.</param>
      <param name="options">As opções de autenticação.</param>
    </member>
    <member name="M:Microsoft.Owin.Security.Infrastructure.AuthenticationMiddleware`1.CreateHandler">
      <summary>Cria um manipulador de autenticação.</summary>
      <returns>O <see cref="T:Microsoft.Owin.Security.Infrastructure.AuthenticationHandler`1" /> criado.</returns>
    </member>
    <member name="M:Microsoft.Owin.Security.Infrastructure.AuthenticationMiddleware`1.Invoke(Microsoft.Owin.IOwinContext)"></member>
    <member name="P:Microsoft.Owin.Security.Infrastructure.AuthenticationMiddleware`1.Options">
      <summary>Obtém ou define as opções de autenticação.</summary>
      <returns>A tarefa que conclui a autenticação.</returns>
    </member>
    <member name="T:Microsoft.Owin.Security.Infrastructure.AuthenticationTokenCreateContext"></member>
    <member name="M:Microsoft.Owin.Security.Infrastructure.AuthenticationTokenCreateContext.#ctor(Microsoft.Owin.IOwinContext,Microsoft.Owin.Security.ISecureDataFormat{Microsoft.Owin.Security.AuthenticationTicket},Microsoft.Owin.Security.AuthenticationTicket)"></member>
    <member name="M:Microsoft.Owin.Security.Infrastructure.AuthenticationTokenCreateContext.SerializeTicket"></member>
    <member name="M:Microsoft.Owin.Security.Infrastructure.AuthenticationTokenCreateContext.SetToken(System.String)"></member>
    <member name="P:Microsoft.Owin.Security.Infrastructure.AuthenticationTokenCreateContext.Ticket"></member>
    <member name="P:Microsoft.Owin.Security.Infrastructure.AuthenticationTokenCreateContext.Token"></member>
    <member name="T:Microsoft.Owin.Security.Infrastructure.AuthenticationTokenProvider"></member>
    <member name="M:Microsoft.Owin.Security.Infrastructure.AuthenticationTokenProvider.#ctor"></member>
    <member name="M:Microsoft.Owin.Security.Infrastructure.AuthenticationTokenProvider.Create(Microsoft.Owin.Security.Infrastructure.AuthenticationTokenCreateContext)"></member>
    <member name="M:Microsoft.Owin.Security.Infrastructure.AuthenticationTokenProvider.CreateAsync(Microsoft.Owin.Security.Infrastructure.AuthenticationTokenCreateContext)"></member>
    <member name="P:Microsoft.Owin.Security.Infrastructure.AuthenticationTokenProvider.OnCreate"></member>
    <member name="P:Microsoft.Owin.Security.Infrastructure.AuthenticationTokenProvider.OnCreateAsync"></member>
    <member name="P:Microsoft.Owin.Security.Infrastructure.AuthenticationTokenProvider.OnReceive"></member>
    <member name="P:Microsoft.Owin.Security.Infrastructure.AuthenticationTokenProvider.OnReceiveAsync"></member>
    <member name="M:Microsoft.Owin.Security.Infrastructure.AuthenticationTokenProvider.Receive(Microsoft.Owin.Security.Infrastructure.AuthenticationTokenReceiveContext)"></member>
    <member name="M:Microsoft.Owin.Security.Infrastructure.AuthenticationTokenProvider.ReceiveAsync(Microsoft.Owin.Security.Infrastructure.AuthenticationTokenReceiveContext)"></member>
    <member name="T:Microsoft.Owin.Security.Infrastructure.AuthenticationTokenReceiveContext"></member>
    <member name="M:Microsoft.Owin.Security.Infrastructure.AuthenticationTokenReceiveContext.#ctor(Microsoft.Owin.IOwinContext,Microsoft.Owin.Security.ISecureDataFormat{Microsoft.Owin.Security.AuthenticationTicket},System.String)"></member>
    <member name="M:Microsoft.Owin.Security.Infrastructure.AuthenticationTokenReceiveContext.DeserializeTicket(System.String)"></member>
    <member name="M:Microsoft.Owin.Security.Infrastructure.AuthenticationTokenReceiveContext.SetTicket(Microsoft.Owin.Security.AuthenticationTicket)"></member>
    <member name="P:Microsoft.Owin.Security.Infrastructure.AuthenticationTokenReceiveContext.Ticket"></member>
    <member name="P:Microsoft.Owin.Security.Infrastructure.AuthenticationTokenReceiveContext.Token"></member>
    <member name="T:Microsoft.Owin.Security.Infrastructure.IAuthenticationTokenProvider"></member>
    <member name="M:Microsoft.Owin.Security.Infrastructure.IAuthenticationTokenProvider.Create(Microsoft.Owin.Security.Infrastructure.AuthenticationTokenCreateContext)"></member>
    <member name="M:Microsoft.Owin.Security.Infrastructure.IAuthenticationTokenProvider.CreateAsync(Microsoft.Owin.Security.Infrastructure.AuthenticationTokenCreateContext)"></member>
    <member name="M:Microsoft.Owin.Security.Infrastructure.IAuthenticationTokenProvider.Receive(Microsoft.Owin.Security.Infrastructure.AuthenticationTokenReceiveContext)"></member>
    <member name="M:Microsoft.Owin.Security.Infrastructure.IAuthenticationTokenProvider.ReceiveAsync(Microsoft.Owin.Security.Infrastructure.AuthenticationTokenReceiveContext)"></member>
    <member name="T:Microsoft.Owin.Security.Infrastructure.SecurityHelper">
      <summary>Código auxiliar usado ao implementar middleware de autenticação</summary>
    </member>
    <member name="M:Microsoft.Owin.Security.Infrastructure.SecurityHelper.#ctor(Microsoft.Owin.IOwinContext)">
      <summary>Código auxiliar usado ao implementar middleware de autenticação</summary>
    </member>
    <member name="M:Microsoft.Owin.Security.Infrastructure.SecurityHelper.AddUserIdentity(System.Security.Principal.IIdentity)">
      <summary>Adicionar um ClaimsIdentity adicional ao ClaimsPrincipal na chave de ambiente "server.User"</summary>
    </member>
    <member name="M:Microsoft.Owin.Security.Infrastructure.SecurityHelper.Equals(Microsoft.Owin.Security.Infrastructure.SecurityHelper)"></member>
    <member name="M:Microsoft.Owin.Security.Infrastructure.SecurityHelper.Equals(System.Object)"></member>
    <member name="M:Microsoft.Owin.Security.Infrastructure.SecurityHelper.GetHashCode"></member>
    <member name="M:Microsoft.Owin.Security.Infrastructure.SecurityHelper.LookupChallenge(System.String,Microsoft.Owin.Security.AuthenticationMode)">
      <summary>Localizar detalhes de desafio de resposta para um middleware de autenticação específico</summary>
      <returns>As informações que instruem o middleware sobre como se comportar</returns>
      <param name="authenticationType">O tipo de autenticação a ser pesquisado</param>
      <param name="authenticationMode">O modo de autenticação sob o qual o middleware está sendo executado</param>
    </member>
    <member name="M:Microsoft.Owin.Security.Infrastructure.SecurityHelper.LookupSignIn(System.String)">
      <summary>Localizar detalhes de entrada de resposta para um middleware de autenticação específico</summary>
      <returns>As informações que instruem o middleware sobre como se comportar</returns>
      <param name="authenticationType">O tipo de autenticação a ser pesquisado</param>
    </member>
    <member name="M:Microsoft.Owin.Security.Infrastructure.SecurityHelper.LookupSignOut(System.String,Microsoft.Owin.Security.AuthenticationMode)">
      <summary>Localizar detalhes de saída de resposta para um middleware de autenticação específico</summary>
      <returns>As informações que instruem o middleware sobre como se comportar</returns>
      <param name="authenticationType">O tipo de autenticação a ser pesquisado</param>
      <param name="authenticationMode">O modo de autenticação sob o qual o middleware está sendo executado</param>
    </member>
    <member name="M:Microsoft.Owin.Security.Infrastructure.SecurityHelper.op_Equality(Microsoft.Owin.Security.Infrastructure.SecurityHelper,Microsoft.Owin.Security.Infrastructure.SecurityHelper)"></member>
    <member name="M:Microsoft.Owin.Security.Infrastructure.SecurityHelper.op_Inequality(Microsoft.Owin.Security.Infrastructure.SecurityHelper,Microsoft.Owin.Security.Infrastructure.SecurityHelper)"></member>
    <member name="T:Microsoft.Owin.Security.Notifications.AuthenticationFailedNotification`2">
      <typeparam name="TMessage"></typeparam>
      <typeparam name="TOptions"></typeparam>
    </member>
    <member name="M:Microsoft.Owin.Security.Notifications.AuthenticationFailedNotification`2.#ctor(Microsoft.Owin.IOwinContext,`1)"></member>
    <member name="P:Microsoft.Owin.Security.Notifications.AuthenticationFailedNotification`2.Exception"></member>
    <member name="P:Microsoft.Owin.Security.Notifications.AuthenticationFailedNotification`2.ProtocolMessage"></member>
    <member name="T:Microsoft.Owin.Security.Notifications.BaseNotification`1">
      <typeparam name="TOptions"></typeparam>
    </member>
    <member name="M:Microsoft.Owin.Security.Notifications.BaseNotification`1.#ctor(Microsoft.Owin.IOwinContext,`0)"></member>
    <member name="P:Microsoft.Owin.Security.Notifications.BaseNotification`1.HandledResponse"></member>
    <member name="M:Microsoft.Owin.Security.Notifications.BaseNotification`1.HandleResponse">
      <summary>Descontinuar todo o processamento para essa solicitação e retornar ao cliente.O chamador é responsável pela geração da resposta completa.</summary>
    </member>
    <member name="P:Microsoft.Owin.Security.Notifications.BaseNotification`1.Skipped"></member>
    <member name="M:Microsoft.Owin.Security.Notifications.BaseNotification`1.SkipToNextMiddleware">
      <summary>Descontinuar o processamento da solicitação no middleware atual e passar o controle para o próximo.</summary>
    </member>
    <member name="P:Microsoft.Owin.Security.Notifications.BaseNotification`1.State"></member>
    <member name="T:Microsoft.Owin.Security.Notifications.MessageReceivedNotification`2">
      <typeparam name="TMessage"></typeparam>
      <typeparam name="TOptions"></typeparam>
    </member>
    <member name="M:Microsoft.Owin.Security.Notifications.MessageReceivedNotification`2.#ctor(Microsoft.Owin.IOwinContext,`1)"></member>
    <member name="P:Microsoft.Owin.Security.Notifications.MessageReceivedNotification`2.ProtocolMessage"></member>
    <member name="T:Microsoft.Owin.Security.Notifications.NotificationResultState"></member>
    <member name="F:Microsoft.Owin.Security.Notifications.NotificationResultState.Continue">
      <summary>Continuar com o processamento normal.</summary>
    </member>
    <member name="F:Microsoft.Owin.Security.Notifications.NotificationResultState.HandledResponse">
      <summary>Descontinuar todo o processamento para essa solicitação.</summary>
    </member>
    <member name="F:Microsoft.Owin.Security.Notifications.NotificationResultState.Skipped">
      <summary>Descontinuar o processamento da solicitação no middleware atual e passar o controle para o próximo.</summary>
    </member>
    <member name="T:Microsoft.Owin.Security.Notifications.RedirectToIdentityProviderNotification`2">
      <typeparam name="TMessage"></typeparam>
      <typeparam name="TOptions"></typeparam>
    </member>
    <member name="M:Microsoft.Owin.Security.Notifications.RedirectToIdentityProviderNotification`2.#ctor(Microsoft.Owin.IOwinContext,`1)"></member>
    <member name="P:Microsoft.Owin.Security.Notifications.RedirectToIdentityProviderNotification`2.HandledResponse"></member>
    <member name="M:Microsoft.Owin.Security.Notifications.RedirectToIdentityProviderNotification`2.HandleResponse">
      <summary>Descontinuar todo o processamento para essa solicitação e retornar ao cliente.O chamador é responsável pela geração da resposta completa.</summary>
    </member>
    <member name="P:Microsoft.Owin.Security.Notifications.RedirectToIdentityProviderNotification`2.ProtocolMessage"></member>
    <member name="P:Microsoft.Owin.Security.Notifications.RedirectToIdentityProviderNotification`2.State"></member>
    <member name="T:Microsoft.Owin.Security.Notifications.SecurityTokenReceivedNotification`2">
      <typeparam name="TMessage"></typeparam>
      <typeparam name="TOptions"></typeparam>
    </member>
    <member name="M:Microsoft.Owin.Security.Notifications.SecurityTokenReceivedNotification`2.#ctor(Microsoft.Owin.IOwinContext,`1)"></member>
    <member name="P:Microsoft.Owin.Security.Notifications.SecurityTokenReceivedNotification`2.ProtocolMessage"></member>
    <member name="T:Microsoft.Owin.Security.Notifications.SecurityTokenValidatedNotification`2">
      <typeparam name="TMessage"></typeparam>
      <typeparam name="TOptions"></typeparam>
    </member>
    <member name="M:Microsoft.Owin.Security.Notifications.SecurityTokenValidatedNotification`2.#ctor(Microsoft.Owin.IOwinContext,`1)"></member>
    <member name="P:Microsoft.Owin.Security.Notifications.SecurityTokenValidatedNotification`2.AuthenticationTicket">
      <summary>Obtém ou define o <see cref="P:Microsoft.Owin.Security.Notifications.SecurityTokenValidatedNotification`2.AuthenticationTicket" /></summary>
    </member>
    <member name="P:Microsoft.Owin.Security.Notifications.SecurityTokenValidatedNotification`2.ProtocolMessage">
      <summary>Obtém ou define a mensagem de Protocolo</summary>
    </member>
    <member name="T:Microsoft.Owin.Security.Provider.BaseContext">
      <summary>Representa um contexto de base.</summary>
    </member>
    <member name="M:Microsoft.Owin.Security.Provider.BaseContext.#ctor(Microsoft.Owin.IOwinContext)"></member>
    <member name="P:Microsoft.Owin.Security.Provider.BaseContext.OwinContext"></member>
    <member name="P:Microsoft.Owin.Security.Provider.BaseContext.Request"></member>
    <member name="P:Microsoft.Owin.Security.Provider.BaseContext.Response"></member>
    <member name="T:Microsoft.Owin.Security.Provider.BaseContext`1">
      <summary>Classe base usada para determinados contextos de evento</summary>
      <typeparam name="TOptions"></typeparam>
    </member>
    <member name="M:Microsoft.Owin.Security.Provider.BaseContext`1.#ctor(Microsoft.Owin.IOwinContext,`0)"></member>
    <member name="P:Microsoft.Owin.Security.Provider.BaseContext`1.Options"></member>
    <member name="P:Microsoft.Owin.Security.Provider.BaseContext`1.OwinContext"></member>
    <member name="P:Microsoft.Owin.Security.Provider.BaseContext`1.Request"></member>
    <member name="P:Microsoft.Owin.Security.Provider.BaseContext`1.Response"></member>
    <member name="T:Microsoft.Owin.Security.Provider.EndpointContext">
      <summary>Representa um contexto de ponto de extremidade.</summary>
    </member>
    <member name="M:Microsoft.Owin.Security.Provider.EndpointContext.#ctor(Microsoft.Owin.IOwinContext)"></member>
    <member name="P:Microsoft.Owin.Security.Provider.EndpointContext.IsRequestCompleted">
      <summary>Obtém ou define um valor que indica se a solicitação deste contexto está concluída.</summary>
      <returns>verdadeiro se a solicitação deste contexto for concluída; caso contrário, falso.</returns>
    </member>
    <member name="M:Microsoft.Owin.Security.Provider.EndpointContext.RequestCompleted">
      <summary>Indica a solicitação concluída para o contexto.</summary>
    </member>
    <member name="T:Microsoft.Owin.Security.Provider.EndpointContext`1">
      <summary>Classe base usada para determinados contextos de evento</summary>
      <typeparam name="TOptions"></typeparam>
    </member>
    <member name="M:Microsoft.Owin.Security.Provider.EndpointContext`1.#ctor(Microsoft.Owin.IOwinContext,`0)">
      <summary>Cria uma instância desse contexto</summary>
    </member>
    <member name="P:Microsoft.Owin.Security.Provider.EndpointContext`1.IsRequestCompleted">
      <summary>Verdadeiro se a solicitação não deve ser continuar a ser processada por outros componentes.</summary>
    </member>
    <member name="M:Microsoft.Owin.Security.Provider.EndpointContext`1.RequestCompleted">
      <summary>Impede que a solicitação continue a ser processada por outros componentes.IsRequestCompleted torna-se verdadeiro após a chamada.</summary>
    </member>
    <member name="T:Microsoft.Owin.Security.Provider.ReturnEndpointContext">
      <summary>Representa o contexto do ponto de extremidade de retorno.</summary>
    </member>
    <member name="M:Microsoft.Owin.Security.Provider.ReturnEndpointContext.#ctor(Microsoft.Owin.IOwinContext,Microsoft.Owin.Security.AuthenticationTicket)"></member>
    <member name="P:Microsoft.Owin.Security.Provider.ReturnEndpointContext.Identity">
      <summary>Obtém ou define a identidade deste contexto.</summary>
      <returns>A identidade deste contexto.</returns>
    </member>
    <member name="P:Microsoft.Owin.Security.Provider.ReturnEndpointContext.Properties"></member>
    <member name="P:Microsoft.Owin.Security.Provider.ReturnEndpointContext.RedirectUri">
      <summary>Obtém ou define o URI que deve ser usado ao retornar este contexto.</summary>
      <returns>O URI que deve ser usado ao retornar este contexto.</returns>
    </member>
    <member name="P:Microsoft.Owin.Security.Provider.ReturnEndpointContext.SignInAsAuthenticationType">
      <summary>Obtém ou define o contexto que entra como um tipo de autenticação.</summary>
      <returns>O contexto que entra como um tipo de autenticação.</returns>
    </member>
  </members>
</doc>